Name	Parameters	Blocks	Epochs	Seconds	Training accuracy	Validation accuracy
D	393219	first	2	2.3115789890289307	1.0	1.0
LD	37091	first	15	92.28344130516052	0.92	0.76
CL	24663	first	150	71.73373556137085	0.51	0.4
