Wall time,Step,Value
1563191725.7146668,0,0.40799999237060547
1563191788.4898129,1,0.43700000643730164
1563191851.7671874,2,0.4480000138282776
1563191915.0583823,3,0.4449999928474426
1563191978.4293673,4,0.4410000145435333
1563192041.6372914,5,0.41100001335144043
1563192104.7126837,6,0.4300000071525574
1563192167.787911,7,0.414000004529953
1563192230.9023407,8,0.45399999618530273
1563192294.2827878,9,0.36500000953674316
