Wall time,Step,Value
1562587081.8970401,0,0.3619999885559082
1562587142.988359,1,0.42899999022483826
1562587204.072062,2,0.42800000309944153
1562587264.5505207,3,0.40700000524520874
1562587325.1732955,4,0.4519999921321869
1562587384.525224,5,0.45399999618530273
1562587444.2312577,6,0.3310000002384186
1562587504.5219598,7,0.3540000021457672
1562587564.797698,8,0.4050000011920929
1562587625.110196,9,0.4309999942779541
